SVM Mean CV F1 ,praat,mfcc,melspec,pyaudioanalysis
original,0.7930912787349115,0.8214750335560803,0.7294411882658013,0.7023465918718658
1 augment,0.7736088638430992,0.834450582835426,0.7144034948555594,0.7247593150147462
2 augment,0.772944755527511,0.8553271535101132,0.7270517897549348,0.7612685820916131
,,,,
NN Mean CV F1 ,praat,mfcc,melspec,pyaudioanalysis
original,"0,83992661","0,84514087","0,82642460","0,81391867"
1 augment,"0,85652049","0,85641025","0,84598784","0,81812912"
2 augment,"0,90611504","0,89175442","0,88887656","0,86142397"